{
  "POWDER": [
    {
      "name": "OC-SVM",
      "auroc": 0.7675145142857143,
      "auprc": 0.8727770217092519,
      "f1": 0.7841487713083906,
      "cohens_d": 1.148081792785581
    },
    {
      "name": "VAE (Mahalanobis)",
      "auroc": 0.8270180571428571,
      "auprc": 0.7965287736417626,
      "f1": 0.8348065213121194,
      "cohens_d": 0.8139614462852478
    }
  ],
  "HackRF": [
    {
      "name": "OC-SVM",
      "auroc": 0.8928571428571428,
      "auprc": 0.7407407407407407,
      "f1": 0.851063829787234,
      "cohens_d": 2.370039207004078
    },
    {
      "name": "VAE (Mahalanobis)",
      "auroc": 0.9613945578231292,
      "auprc": 0.9398759945176475,
      "f1": 0.8661417322834646,
      "cohens_d": 2.354557752609253
    }
  ],
  "metadata": {
    "timestamp": "2026-01-31T10:35:47.398855",
    "powder_bandwidth": "5MHz",
    "nu": 0.1,
    "seed": 42,
    "skip_vae": false
  }
}