{
  "Original (home, 2.4GHz)": {
    "Latent-only": 0.8448979591836734,
    "Latent+Chirp (w=0.7)": 0.7920068027210884,
    "Chirp-only": 0.7479591836734694
  },
  "Coffee shop batch1 (2.4GHz)": {
    "Latent-only": 0.9557551020408164,
    "Latent+Chirp (w=0.7)": 0.9721360544217686,
    "Chirp-only": 0.951374149659864
  },
  "Coffee shop batch2 (2.4GHz)": {
    "Latent-only": 0.9727619047619047,
    "Latent+Chirp (w=0.7)": 0.9825850340136054,
    "Chirp-only": 0.9669387755102041
  },
  "Coffee shop (5GHz)": {
    "Latent-only": 0.9933061224489796,
    "Latent+Chirp (w=0.7)": 0.9969251700680272,
    "Chirp-only": 0.9654421768707482
  }
}