{
  "timestamp": "2026-01-25T00:15:57.113546",
  "config_path": "configs/default.yaml",
  "checkpoint": "checkpoints/20260118_184144/best_model.pt",
  "device": "cuda",
  "latent_detection": {
    "auroc": 0.9102250000000001,
    "auprc": 0.7425455072058184,
    "f1": 0.18181818181818182,
    "precision": 0.1,
    "recall": 1.0
  },
  "hybrid_detection": {
    "auroc": 0.9565416666666666,
    "auprc": 0.8631163999515914,
    "f1": 0.7942857142857143,
    "precision": 0.9266666666666666,
    "recall": 0.695,
    "freq_weight": 0.7
  },
  "per_anomaly_type": {
    "frequency_drift": {
      "latent_auroc": 0.7446333333333335,
      "hybrid_auroc": 0.8567
    },
    "interference": {
      "latent_auroc": 0.9078444444444445,
      "hybrid_auroc": 0.9896777777777778
    },
    "amplitude_spike": {
      "latent_auroc": 1.0,
      "hybrid_auroc": 0.9793555555555555
    },
    "phase_noise": {
      "latent_auroc": 0.9536555555555555,
      "hybrid_auroc": 0.956911111111111
    }
  },
  "verification": {
    "latent_pass": false,
    "hybrid_pass": true
  }
}